{"Gender": 0.1367607455096876, "EthnicGroup": 0.014919138877036272, "ParentEduc": 0.003140241832175827, "LunchType": 0.015098067134870783, "TestPrep": 0.004572211927281933, "ReadingScore": 0.5672206733593419, "WritingScore": 0.25828892135960557}